aja,bagus,baik,banget,bgt,bintang,dajjal,dark,event,ga,gak,game,gamenya,grafik,gratis,guna,gw,hero,imbang,jaring,kalah,kali,kalo,kasih,keren,latih,legend,main,menang,moba,mobile,monton,moonton,ngasih,nya,pindah,rank,segi,seru,sih,sinyal,sistem,skin,suka,teman,terima,tim,tolol,tolong,yg,status,label
0.0,0.0,0.0,0.0,0.0,0.0,0.0,0.0,0.0,0.0,0.0,0.0,0.0,0.0,0.0,0.0,0.0,0.0,0.0,0.0,0.0,0.0,0.0,0.0,0.0,0.0,1.0,0.0,0.0,0.0,0.0,0.0,0.0,0.0,0.0,0.0,0.0,0.0,0.0,0.0,0.0,0.0,0.0,0.0,0.0,0.0,0.0,0.0,0.0,0.0,1,negatif
0.0,0.0,0.0,0.0,0.0,0.0,0.0,0.0,0.0,0.0,0.0,0.4792880879632092,0.0,0.0,0.0,0.0,0.0,0.0,0.0,0.0,0.0,0.0,0.0,0.0,0.0,0.0,0.0,0.0,0.0,0.0,0.0,0.0,0.5207119120367909,0.0,0.0,0.0,0.0,0.0,0.0,0.0,0.0,0.0,0.0,0.0,0.0,0.0,0.0,0.0,0.0,0.0,1,negatif
0.0,0.22591684878833762,0.0,0.0,0.0,0.0,0.0,0.34874154486887937,0.0,0.0,0.0,0.18532430507824546,0.0,0.0,0.0,0.0,0.0,0.0,0.0,0.0,0.0,0.0,0.0,0.0,0.0,0.0,0.0,0.24001730126453757,0.0,0.0,0.0,0.0,0.0,0.0,0.0,0.0,0.0,0.0,0.0,0.0,0.0,0.0,0.0,0.0,0.0,0.0,0.0,0.0,0.0,0.0,1,negatif
0.0,0.0,0.0,0.0,0.0,0.0,0.0,1.0,0.0,0.0,0.0,0.0,0.0,0.0,0.0,0.0,0.0,0.0,0.0,0.0,0.0,0.0,0.0,0.0,0.0,0.0,0.0,0.0,0.0,0.0,0.0,0.0,0.0,0.0,0.0,0.0,0.0,0.0,0.0,0.0,0.0,0.0,0.0,0.0,0.0,0.0,0.0,0.0,0.0,0.0,1,negatif
0.0,0.0,0.0,0.0,0.0,0.0,0.0,0.0,0.0,0.16593198132034503,0.0,0.07958285875613928,0.0,0.0,0.0,0.0,0.0,0.0,0.18118957556572265,0.0,0.0,0.20435335922831815,0.0,0.0,0.0,0.0,0.0,0.10306938950884348,0.0,0.0,0.0,0.0,0.0,0.0,0.13137215020603726,0.0,0.0,0.0,0.13450068541459428,0.0,0.0,0.0,0.0,0.0,0.0,0.0,0.0,0.0,0.0,0.0,1,negatif
0.11977365371330917,0.0,0.0,0.0,0.0,0.0,0.0,0.0,0.0,0.10388619212897303,0.0,0.04982499509212764,0.0,0.0,0.0,0.0,0.0,0.0,0.22687724101417484,0.0,0.0,0.0,0.0,0.08224907777333536,0.0,0.0,0.0,0.0,0.0,0.0,0.0,0.11343862050708742,0.0,0.0,0.0,0.0,0.0,0.0,0.0,0.0,0.0,0.0,0.0,0.0,0.0,0.0,0.08224907777333536,0.11343862050708742,0.10826252149056974,0.0,1,negatif
0.0,0.0,0.0,0.0,0.0,0.0,0.0,0.3760276262528814,0.0,0.0,0.0,0.0,0.0,0.0,0.0,0.0,0.0,0.0,0.0,0.0,0.0,0.0,0.0,0.0,0.0,0.0,0.0,0.25879662856933305,0.0,0.0,0.0,0.0,0.0,0.0,0.0,0.0,0.0,0.0,0.0,0.0,0.0,0.36517574517778556,0.0,0.0,0.0,0.0,0.0,0.0,0.0,0.0,1,negatif
0.0,0.0,0.0,0.0,0.0,0.0,0.0,0.0,0.4307378191997099,0.0,0.0,0.18919050347829675,0.38007167732199343,0.0,0.0,0.0,0.0,0.0,0.0,0.0,0.0,0.0,0.0,0.0,0.0,0.0,0.0,0.0,0.0,0.0,0.0,0.0,0.0,0.0,0.0,0.0,0.0,0.0,0.0,0.0,0.0,0.0,0.0,0.0,0.0,0.0,0.0,0.0,0.0,0.0,1,negatif
0.0,0.0,0.0,0.0,0.0,0.0,0.0,0.0,0.0,0.0,0.23945194583776758,0.0,0.0,0.0,0.0,0.0,0.0,0.0,0.0,0.0,0.0,0.0,0.0,0.0,0.0,0.0,0.0,0.0,0.0,0.0,0.0,0.0,0.0,0.0,0.0,0.2614697666447493,0.0,0.0,0.0,0.0,0.0,0.0,0.0,0.0,0.0,0.0,0.0,0.0,0.49907828751748323,0.0,1,negatif
0.0,0.0,0.0,0.0,0.0,0.0,0.7209033980086675,0.0,0.0,0.0,0.0,0.11286024354360924,0.0,0.0,0.0,0.0,0.0,0.0,0.0,0.0,0.0,0.0,0.0,0.0,0.0,0.0,0.0,0.07308380588277018,0.0,0.0,0.0,0.0,0.0,0.0,0.0,0.0,0.0,0.0,0.0,0.0,0.0,0.0,0.0,0.0,0.0,0.0,0.0,0.0,0.0,0.09315255256495296,1,negatif
0.0,0.0,0.0,0.0,0.0,0.0,0.0,0.0,0.0,0.0,0.0,0.0,0.0,0.0,0.0,0.0,0.0,0.0,0.0,0.0,0.0,0.0,0.0,0.0,0.0,0.0,0.0,0.0,0.0,0.0,0.0,0.0,0.31704396005322194,0.35075400942530727,0.0,0.0,0.0,0.0,0.0,0.0,0.0,0.0,0.0,0.0,0.0,0.0,0.0,0.3322020305214707,0.0,0.0,1,negatif
0.0,0.0,0.0,0.0,0.0,0.0,0.0,0.0,0.0,0.0,0.239586242571188,0.11490827717922973,0.0,0.0,0.0,0.0,0.0,0.0,0.26161641208304687,0.0,0.0,0.0,0.0,0.0,0.0,0.0,0.0,0.0,0.0,0.0,0.0,0.0,0.0,0.0,0.0,0.0,0.0,0.0,0.1942031523116693,0.0,0.0,0.0,0.0,0.0,0.0,0.0,0.18968591585486613,0.0,0.0,0.0,1,negatif
0.0,0.0,0.0,0.0,0.0,0.0,0.0,0.3760276262528814,0.0,0.0,0.0,0.0,0.0,0.0,0.0,0.0,0.0,0.0,0.0,0.0,0.0,0.0,0.0,0.0,0.0,0.0,0.0,0.25879662856933305,0.0,0.0,0.0,0.0,0.0,0.0,0.0,0.0,0.0,0.0,0.0,0.0,0.0,0.36517574517778556,0.0,0.0,0.0,0.0,0.0,0.0,0.0,0.0,1,negatif
0.0,0.0,0.0,0.0,0.0,0.0,0.0,0.269365372750346,0.0,0.0,0.0,0.1431431134362539,0.0,0.0,0.0,0.0,0.0,0.0,0.0,0.0,0.0,0.0,0.0,0.0,0.0,0.0,0.0,0.0,0.0,0.0,0.0,0.0,0.0,0.0,0.0,0.0,0.0,0.0,0.0,0.0,0.0,0.2615916859604563,0.0,0.0,0.0,0.0,0.0,0.32589982785294386,0.0,0.0,1,negatif
1.0,0.0,0.0,0.0,0.0,0.0,0.0,0.0,0.0,0.0,0.0,0.0,0.0,0.0,0.0,0.0,0.0,0.0,0.0,0.0,0.0,0.0,0.0,0.0,0.0,0.0,0.0,0.0,0.0,0.0,0.0,0.0,0.0,0.0,0.0,0.0,0.0,0.0,0.0,0.0,0.0,0.0,0.0,0.0,0.0,0.0,0.0,0.0,0.0,0.0,1,negatif
0.0,0.3232531109110022,0.0,0.0,0.0,0.0,0.0,0.0,0.0,0.0,0.0,0.13258563596575584,0.0,0.0,0.0,0.0,0.0,0.0,0.0,0.3018631836330395,0.0,0.0,0.0,0.0,0.0,0.0,0.0,0.0,0.0,0.0,0.0,0.0,0.0,0.0,0.0,0.0,0.0,0.0,0.0,0.0,0.0,0.24229806949020247,0.0,0.0,0.0,0.0,0.0,0.0,0.0,0.0,1,negatif
0.0,0.0,0.0,0.0,0.0,0.0,0.0,0.3995924995722793,0.0,0.0,0.0,0.21234694686448913,0.0,0.0,0.0,0.0,0.0,0.0,0.0,0.0,0.0,0.0,0.0,0.0,0.0,0.0,0.0,0.0,0.0,0.0,0.0,0.0,0.0,0.0,0.0,0.0,0.0,0.0,0.0,0.0,0.0,0.38806055356323155,0.0,0.0,0.0,0.0,0.0,0.0,0.0,0.0,1,negatif
0.0,0.0,0.0,0.0,0.0,0.0,0.0,0.0,0.0,0.0,0.0,0.0,0.0,0.0,0.0,0.0,0.0,0.0,0.0,0.0,0.0,0.0,0.0,0.0,0.0,0.0,0.0,0.0,0.0,0.0,0.0,0.0,0.0,0.0,0.0,0.0,0.0,0.0,0.5058835179631158,0.0,0.0,0.0,0.0,0.0,0.0,0.0,0.0,0.0,0.0,0.4941164820368843,1,negatif
0.0,0.0,0.0,0.0,0.0,0.0,0.0,0.0,0.0,0.0,0.0,0.0,0.0,0.0,0.0,0.0,0.0,0.0,0.0,0.0,0.0,0.0,0.0,0.0,0.0,0.0,0.0,0.0,0.0,0.0,0.0,0.0,0.0,0.0,0.0,0.0,0.0,0.0,0.0,0.0,0.0,0.0,0.0,0.0,0.0,0.0,0.0,0.0,0.0,0.0,1,negatif
0.0,0.0,0.0,0.0,0.0,0.0,0.0,0.42291261628713495,0.0,0.0,0.0,0.0,0.0,0.0,0.0,0.0,0.0,0.0,0.0,0.0,0.0,0.5770873837128652,0.0,0.0,0.0,0.0,0.0,0.0,0.0,0.0,0.0,0.0,0.0,0.0,0.0,0.0,0.0,0.0,0.0,0.0,0.0,0.0,0.0,0.0,0.0,0.0,0.0,0.0,0.0,0.0,2,negatif
0.0,0.0,0.0,0.0,0.0,0.0,0.0,0.0,0.0,0.0,0.0,0.0,0.0,0.0,0.0,0.0,0.0,0.0,0.0,0.0,0.6024476248603093,0.0,0.0,0.0968235121792061,0.0,0.0,0.0,0.037981947752097574,0.15061190621507733,0.0,0.0,0.0,0.0,0.0,0.0,0.0,0.0,0.0,0.0,0.0,0.0,0.0,0.0,0.0,0.0,0.0,0.04841175608960305,0.0,0.06372325290370644,0.0,2,negatif
0.0,0.0,0.0,0.0,0.0,0.0,0.0,0.0,0.0,0.15919796041495152,0.0,0.0,0.0,0.0,0.0,0.0,0.36708865715153444,0.0,0.17383635540894415,0.0,0.0,0.0,0.0,0.0,0.0,0.0,0.0,0.0,0.0,0.0,0.0,0.0,0.0,0.0,0.0,0.17383635540894415,0.0,0.0,0.0,0.0,0.0,0.0,0.0,0.0,0.0,0.0,0.12604067161562593,0.0,0.0,0.0,2,negatif
0.0,0.0,0.0,0.0,0.0,0.0,0.0,0.0,0.0,0.0,0.0,0.0,0.0,0.0,0.0,0.0,0.0,0.0,0.0,0.0,0.0,0.0,0.2758039565190774,0.0,0.0,0.0,0.0,0.0,0.0,0.0,0.0,0.0,0.0,0.30512911694703143,0.0,0.0,0.0,0.0,0.0,0.0,0.0,0.0,0.0,0.0,0.0,0.0,0.2095334632669456,0.0,0.0,0.2095334632669456,2,negatif
0.0,0.0,0.0,0.0,0.3333333333333333,0.0,0.0,0.0,0.0,0.0,0.0,0.0,0.0,0.0,0.0,0.0,0.0,0.0,0.0,0.0,0.0,0.0,0.0,0.0,0.0,0.0,0.0,0.0,0.0,0.0,0.0,0.0,0.0,0.0,0.0,0.0,0.0,0.0,0.0,0.6666666666666666,0.0,0.0,0.0,0.0,0.0,0.0,0.0,0.0,0.0,0.0,2,negatif
0.0,0.0,0.0,0.0,0.0,0.0,0.0,0.0,0.0,0.0,0.0,0.0,0.0,0.0,0.0,0.0,0.0,0.0,0.0,0.0,0.0,0.0,0.45417645591537525,0.1725232062355734,0.0,0.0,0.0,0.13535487936309715,0.0,0.0,0.0,0.23794545848595422,0.0,0.0,0.0,0.0,0.0,0.0,0.0,0.0,0.0,0.0,0.0,0.0,0.0,0.0,0.0,0.0,0.0,0.0,2,negatif
0.0,0.0,0.0,0.0,0.0,0.0,0.0,0.0,0.0,0.0,0.0,0.0,0.0,0.0,0.0,0.0,0.0,0.0,0.0,0.0,0.0,0.0,0.0,0.0,0.0,0.0,0.0,0.0,0.0,0.0,0.0,0.0,0.0,0.0,0.0,0.0,0.0,0.0,0.0,0.0,0.0,0.0,0.0,0.0,0.0,0.0,0.0,0.0,0.0,0.0,2,negatif
0.0,0.0,0.0,0.0,0.0,0.0,0.0,0.0,0.0,0.1385083905044216,0.0,0.0664301938079856,0.0,0.0,0.0,0.0,0.0,0.0,0.0,0.0,0.0,0.0,0.0,0.0,0.0,0.0,0.0,0.0860351038874315,0.0,0.0,0.0,0.0,0.0,0.0,0.0,0.1512443610212617,0.0,0.0,0.0,0.0,0.5577819507788996,0.0,0.0,0.0,0.0,0.0,0.0,0.0,0.0,0.0,2,negatif
0.11573535089872457,0.0,0.0,0.0,0.23147070179744914,0.23147070179744914,0.0,0.0,0.0,0.0,0.0,0.048145089606411916,0.0,0.0,0.0,0.0,0.0,0.0,0.0,0.0,0.0,0.0,0.0,0.0,0.0,0.0,0.0,0.0,0.0,0.0,0.0,0.0,0.0,0.0,0.07947595804314764,0.0,0.12362726025671551,0.0,0.0,0.0,0.0,0.0,0.0,0.09059897955695428,0.0,0.0,0.07947595804314764,0.0,0.0,0.0,2,negatif
0.0,0.0,0.0,0.0,0.0,0.0,0.0,0.2684133824861553,0.0,0.0,0.0,0.0,0.0,0.0,0.0,0.0,0.0,0.0,0.0,0.0,0.0,0.0,0.0,0.0,0.0,0.0,0.0,0.0,0.0,0.0,0.0,0.0,0.0,0.0,0.23545972403892892,0.0,0.0,0.0,0.0,0.0,0.0,0.26066716943598683,0.0,0.0,0.0,0.0,0.23545972403892892,0.0,0.0,0.0,2,negatif
0.0,0.0,0.0,0.0,0.0,0.0,0.0,0.5073204477295816,0.0,0.0,0.0,0.0,0.0,0.0,0.0,0.0,0.0,0.0,0.0,0.0,0.0,0.0,0.0,0.0,0.0,0.0,0.0,0.0,0.0,0.0,0.0,0.0,0.0,0.0,0.0,0.0,0.0,0.0,0.0,0.0,0.0,0.49267955227041826,0.0,0.0,0.0,0.0,0.0,0.0,0.0,0.0,2,negatif
0.0,0.0,0.0,0.0,0.0,0.0,0.0,0.10117122637614212,0.0,0.11209758874980899,0.0,0.053763273971622366,0.0,0.0,0.0,0.0,0.12924083077708715,0.0,0.0,0.0,0.0,0.0,0.0,0.08875022855626488,0.0,0.0,0.0,0.0,0.0,0.0,0.0,0.12240506239907402,0.0,0.0,0.0,0.0,0.0,0.0,0.0,0.0,0.0,0.09825149910026067,0.11681983295720991,0.0,0.0,0.0,0.08875022855626488,0.0,0.0,0.08875022855626488,2,negatif
0.0,0.3150128946044933,0.0,0.0,0.0,0.0,0.0,0.0,0.0,0.0,0.0,0.2584116505536084,0.0,0.0,0.0,0.0,0.0,0.0,0.0,0.0,0.0,0.0,0.0,0.0,0.0,0.0,0.0,0.0,0.0,0.0,0.0,0.0,0.0,0.0,0.0,0.0,0.0,0.0,0.0,0.0,0.0,0.0,0.0,0.0,0.0,0.0,0.0,0.0,0.0,0.4265754548418983,2,negatif
0.0,0.0,0.0,0.0,0.0,0.0,0.0,0.0,0.0,0.0,0.0,0.0,0.0,0.0,0.0,0.0,0.0,0.0,0.0,0.0,0.0,0.0,0.0,0.0,0.0,0.0,0.0,0.0,0.0,0.0,0.0,0.0,0.0,0.0,0.0,0.0,0.0,0.0,0.0,0.0,0.0,0.0,0.0,0.0,0.0,0.0,0.0,0.0,0.0,0.0,2,negatif
0.0,0.0,0.0,0.0,0.0,0.0,0.0,0.0,0.0,0.0,0.0,0.0,0.0,0.0,0.0,0.0,0.0,0.0,0.0,0.0,0.0,0.0,0.0,0.0,0.0,0.0,0.0,0.0,0.0,0.0,0.0,0.0,0.0,0.0,0.0,0.0,0.0,0.0,0.0,0.0,0.0,0.0,0.0,0.0,0.0,0.0,0.0,0.0,0.0,0.0,2,negatif
0.0,0.0,0.0,0.0,0.0,0.307229711593671,0.0,0.0,0.0,0.0,0.0,0.0,0.0,0.0,0.0,0.0,0.0,0.0,0.0,0.0,0.0,0.0,0.13885133425739085,0.10548797527556483,0.0,0.0,0.0,0.0,0.0,0.0,0.0,0.0,0.0,0.0,0.0,0.0,0.16408974102918192,0.0,0.0,0.0,0.0,0.0,0.0,0.0,0.0,0.14548990358680053,0.0,0.0,0.13885133425739085,0.0,2,negatif
0.0,0.0,0.0,0.0,0.08379572871138084,0.0,0.0,0.0,0.0,0.07268058460781926,0.0,0.0,0.0,0.0,0.0,0.0,0.0,0.0,0.0,0.0,0.08950969847465313,0.0,0.0,0.11508576709787433,0.0,0.0,0.0,0.09029173791653247,0.0,0.0,0.0,0.0,0.0757423406498766,0.0,0.05754288354893716,0.0,0.17901939694930627,0.0,0.0,0.0,0.0,0.06370321139680842,0.0,0.0,0.0,0.0,0.11508576709787433,0.0,0.0,0.05754288354893716,2,negatif
0.0,0.0,0.0,0.0,0.0,0.0,0.0,0.0,0.25223306176359245,0.0,0.0,0.0,0.0,0.0,0.2663191359316004,0.0,0.0,0.0,0.0,0.0,0.0,0.0,0.24072390115240358,0.0,0.0,0.0,0.0,0.0,0.0,0.0,0.0,0.0,0.0,0.0,0.0,0.0,0.0,0.0,0.0,0.0,0.0,0.0,0.24072390115240358,0.0,0.0,0.0,0.0,0.0,0.0,0.0,2,negatif
0.0,0.0,0.3561850409982884,0.0,0.0,0.0,0.0,0.0,0.0,0.0,0.0,0.0,0.0,0.0,0.0,0.0,0.0,0.0,0.0,0.0,0.0,0.0,0.0,0.0,0.0,0.0,0.0,0.0,0.0,0.0,0.0,0.373214471081996,0.0,0.0,0.0,0.0,0.0,0.0,0.0,0.0,0.0,0.0,0.0,0.0,0.0,0.0,0.0,0.0,0.0,0.27060048791971564,2,negatif
0.0,0.0,0.0,0.0,0.0,0.0,0.0,0.0,0.0,0.0,0.0,0.0,0.0,0.0,0.0,0.0,0.0,0.0,0.0,0.0,0.0,0.0,0.0,0.0,0.0,0.0,0.0,0.0,0.0,0.0,0.0,0.0,0.0,0.0,0.0,0.0,0.0,0.0,0.0,0.0,0.0,0.5254042319904316,0.0,0.0,0.0,0.0,0.0,0.0,0.0,0.4745957680095684,2,negatif
0.0,0.0,0.0,0.0,0.0,0.0,0.0,0.0,0.0,0.11927342281315914,0.0,0.05720488531246802,0.0,0.0,0.1375140752438864,0.0,0.0,0.0,0.0,0.0,0.0,0.0,0.0,0.09443150074335502,0.0,0.0,0.0,0.14817443600880056,0.0,0.0,0.0,0.0,0.0,0.0,0.0,0.1302407208292494,0.0,0.0,0.0,0.0,0.0,0.0,0.12429795756237141,0.0,0.0,0.0,0.09443150074335502,0.0,0.0,0.09443150074335502,2,negatif
0.0,0.0,0.0,0.0,0.0,0.0,0.0,0.0,0.0,0.0,0.0,0.0,0.0,0.0,0.0,0.0,0.0,0.0,0.0,0.0,0.0,0.0,0.0,0.0,0.0,0.0,0.0,0.0,0.0,0.0,0.0,0.0,0.0,0.0,0.0,0.0,0.0,0.0,0.0,0.0,0.0,0.0,0.0,0.0,0.0,0.0,0.0,0.0,0.0,0.0,2,negatif
0.0,0.0,0.0,0.0,0.0,0.0,0.0,0.0,0.0,0.0,0.0,0.0,0.0,0.0,0.0,0.0,0.0,0.0,0.0,0.0,0.0,0.0,0.0,0.0,0.0,0.0,0.0,0.0,0.0,0.0,0.0,0.0,0.0,0.0,0.0,0.0,0.0,0.0,0.0,0.0,0.0,0.0,0.0,0.0,0.0,0.0,0.0,0.0,0.0,0.0,2,negatif
0.0,0.0,0.0,0.0,0.0,0.0,0.0,0.0,0.0,0.0,0.0,0.20035770074749448,0.0,0.0,0.0,0.0,0.0,0.0,0.0,0.0,0.0,0.0,0.0,0.0,0.0,0.0,0.0,0.0,0.0,0.0,0.0,0.0,0.0,0.24081862751569896,0.0,0.0,0.0,0.0,0.0,0.0,0.0,0.0,0.0,0.0,0.0,0.0,0.16537117646270524,0.228081318811396,0.0,0.16537117646270524,2,negatif
0.0,0.0,0.0,0.0,0.0,0.0,0.0,0.0,0.0,0.0,0.0,0.0,0.0,0.0,0.0,0.0,0.0,0.0,0.0,0.0,0.0,0.0,0.1853691963279351,0.0,0.0,0.0,0.0,0.11048844509578434,0.0,0.0,0.0,0.0,0.0,0.0,0.5633138868610245,0.0,0.0,0.0,0.0,0.0,0.0,0.0,0.0,0.0,0.0,0.0,0.14082847171525611,0.0,0.0,0.0,2,negatif
0.0,0.0,0.0,0.0,0.0,0.0,0.0,0.0,0.0,0.0,0.0,0.0,0.0,0.0,0.0,0.0,0.0,0.0,0.0,0.511673595746684,0.0,0.0,0.0,0.0,0.0,0.0,0.0,0.0,0.0,0.0,0.0,0.0,0.0,0.0,0.0,0.0,0.0,0.0,0.0,0.0,0.0,0.0,0.0,0.0,0.0,0.0,0.0,0.0,0.4883264042533159,0.0,2,negatif
0.0,0.0,0.0,0.0,0.0,0.0,0.0,0.0,0.0,0.0,0.0,0.0,0.0,0.0,0.0,0.0,0.12148261541092426,0.0,0.0,0.0,0.0,0.0,0.10980723935446214,0.08342262904459606,0.0,0.0,0.0,0.0,0.0,0.0,0.0,0.11505719230035454,0.0,0.12148261541092426,0.0,0.0,0.0,0.0,0.0,0.0,0.0,0.0,0.0,0.0,0.0,0.0,0.16684525808919212,0.11505719230035454,0.0,0.16684525808919212,2,negatif
0.0,1.0,0.0,0.0,0.0,0.0,0.0,0.0,0.0,0.0,0.0,0.0,0.0,0.0,0.0,0.0,0.0,0.0,0.0,0.0,0.0,0.0,0.0,0.0,0.0,0.0,0.0,0.0,0.0,0.0,0.0,0.0,0.0,0.0,0.0,0.0,0.0,0.0,0.0,0.0,0.0,0.0,0.0,0.0,0.0,0.0,0.0,0.0,0.0,0.0,2,negatif
0.0,0.0,0.09820338669222273,0.07138374800437684,0.0,0.0,0.0,0.0,0.0,0.0,0.09423368084506263,0.13558662386400774,0.0,0.0,0.0,0.0,0.0,0.0,0.0,0.20579710433698284,0.0,0.0,0.0,0.0,0.0,0.0,0.0,0.0,0.0,0.0,0.0,0.0,0.0,0.0,0.0,0.10289855216849142,0.0,0.0,0.0,0.1086449702926329,0.0,0.0,0.0,0.08504854710400009,0.0,0.0,0.0,0.0,0.09820338669222273,0.0,2,negatif
0.0,0.0,0.0,0.0,0.25857470651749265,0.0,0.0,0.0,0.0,0.0,0.2242758804475222,0.0,0.2160917474955085,0.0,0.0,0.0,0.0,0.0,0.0,0.0,0.0,0.0,0.0,0.0,0.0,0.0,0.0,0.0,0.0,0.0,0.0,0.0,0.0,0.0,0.0,0.0,0.0,0.0,0.0,0.0,0.30105766553947677,0.0,0.0,0.0,0.0,0.0,0.0,0.0,0.0,0.0,2,negatif
0.16304854991441173,0.0,0.0,0.10712890406449542,0.0,0.0,0.0,0.0,0.0,0.0,0.0,0.0678270466617766,0.0,0.0,0.0,0.0,0.32609709982882346,0.0,0.0,0.0,0.0,0.0,0.0,0.3358983995304927,0.0,0.0,0.0,0.0,0.0,0.0,0.0,0.0,0.0,0.0,0.0,0.0,0.0,0.0,0.0,0.0,0.0,0.0,0.0,0.0,0.0,0.0,0.0,0.0,0.0,0.0,2,negatif
0.0,0.14827533971407542,0.0,0.09605643081442973,0.0,0.1461964153466723,0.0,0.0,0.0,0.0,0.12680408773055474,0.12163335510445702,0.0,0.0,0.0,0.0,0.0,0.1144442552983103,0.0,0.0,0.0,0.0,0.0,0.1003937006448283,0.0,0.0,0.0,0.0,0.0,0.0,0.0,0.0,0.0,0.0,0.0,0.0,0.0,0.1461964153466723,0.0,0.0,0.0,0.0,0.0,0.0,0.0,0.0,0.0,0.0,0.0,0.0,4,positif
0.0,0.07652421407882831,0.13639972975704168,0.0,0.0,0.0,0.0,0.0,0.0,0.0,0.0,0.0,0.0,0.0,0.0,0.14292108633850834,0.0,0.11812829711842673,0.0,0.0,0.0,0.0,0.0,0.0,0.0,0.0,0.15090258173907317,0.08130042289054033,0.0,0.15090258173907317,0.14292108633850834,0.0,0.0,0.0,0.0,0.0,0.0,0.0,0.0,0.0,0.0,0.0,0.0,0.0,0.0,0.0,0.0,0.0,0.0,0.0,4,positif
0.0,0.07732481608519562,0.1378267538516499,0.1001858550565306,0.0,0.0,0.0,0.0,0.0,0.0,0.0,0.0,0.0,0.0,0.0,0.0,0.0,0.0,0.0,0.0,0.0,0.0,0.0,0.0,0.0,0.0,0.15248133574733852,0.0,0.0,0.15248133574733852,0.14441633734960577,0.0,0.0,0.0,0.0,0.0,0.0,0.0,0.0,0.0,0.0,0.11591940203344951,0.0,0.11936416412889149,0.0,0.0,0.0,0.0,0.0,0.0,4,positif
0.0,0.3150128946044933,0.0,0.0,0.0,0.0,0.0,0.0,0.0,0.0,0.0,0.2584116505536084,0.0,0.0,0.0,0.0,0.0,0.0,0.0,0.0,0.0,0.0,0.0,0.0,0.0,0.0,0.0,0.0,0.0,0.0,0.0,0.0,0.0,0.0,0.4265754548418983,0.0,0.0,0.0,0.0,0.0,0.0,0.0,0.0,0.0,0.0,0.0,0.0,0.0,0.0,0.0,4,positif
0.0,0.0,0.0,0.0,0.0,0.0,0.0,0.0,0.0,0.0,0.0,0.41908034361785396,0.0,0.0,0.0,0.318045832041683,0.0,0.2628738243404629,0.0,0.0,0.0,0.0,0.0,0.0,0.0,0.0,0.0,0.0,0.0,0.0,0.0,0.0,0.0,0.0,0.0,0.0,0.0,0.0,0.0,0.0,0.0,0.0,0.0,0.0,0.0,0.0,0.0,0.0,0.0,0.0,4,positif
0.0,0.0,0.17000690812573482,0.0,0.0,0.0,0.0,0.0,0.0,0.0,0.0,0.15648246958168932,0.0,0.0,0.0,0.0,0.0,0.0,0.0,0.0,0.0,0.0,0.0,0.1291574518671804,0.0,0.0,0.0,0.0,0.0,0.18808308048224984,0.17813504497157284,0.0,0.0,0.0,0.0,0.0,0.0,0.0,0.0,0.0,0.0,0.0,0.0,0.0,0.0,0.17813504497157284,0.0,0.0,0.0,0.0,4,positif
0.0,0.14211615531301292,0.0,0.0,0.0,0.0,0.0,0.0,0.0,0.0,0.0,0.0,0.23420350115139987,0.0,0.0,0.0,0.0,0.21938074924690706,0.0,0.0,0.0,0.0,0.0,0.0,0.0,0.0,0.0,0.15098624227128513,0.0,0.0,0.0,0.0,0.0,0.0,0.0,0.0,0.0,0.0,0.0,0.0,0.0,0.0,0.2533133520173949,0.0,0.0,0.0,0.0,0.0,0.0,0.0,4,positif
0.0,0.18728399996266087,0.0,0.12132720531784602,0.0,0.0,0.0,0.0,0.0,0.0,0.0,0.15363297306732793,0.0,0.14455254627200062,0.0,0.0,0.0,0.0,0.0,0.0,0.0,0.0,0.0,0.0,0.0,0.0,0.0,0.09948660421335098,0.0,0.0,0.0,0.0,0.16691113584263734,0.0,0.12680553532417618,0.0,0.0,0.0,0.0,0.0,0.0,0.0,0.0,0.0,0.0,0.0,0.0,0.0,0.0,0.0,4,positif
0.0,0.0,0.28055970842747446,0.0,0.0,0.0,0.0,0.0,0.0,0.0,0.0,0.25824054165716653,0.0,0.0,0.0,0.0,0.0,0.0,0.0,0.0,0.0,0.0,0.0,0.0,0.0,0.0,0.0,0.16722630595991203,0.0,0.0,0.29397344395544694,0.0,0.0,0.0,0.0,0.0,0.0,0.0,0.0,0.0,0.0,0.0,0.0,0.0,0.0,0.0,0.0,0.0,0.0,0.0,4,positif
0.0,0.10346771228787631,0.0,0.0,0.0,0.0,0.0,0.0,0.19324233537257293,0.0,0.0,0.0,0.0,0.0,0.20403404463314706,0.0,0.0,0.15972022459081603,0.0,0.0,0.0,0.0,0.0,0.0,0.15511081623478878,0.0,0.0,0.0,0.0,0.0,0.0,0.0,0.0,0.0,0.0,0.0,0.0,0.0,0.0,0.0,0.0,0.0,0.1844248668807989,0.0,0.0,0.0,0.0,0.0,0.0,0.0,4,positif
0.0,0.1473954239177731,0.0,0.19097279921560828,0.0,0.0,0.0,0.0,0.0,0.0,0.0,0.12091154181628624,0.0,0.22753020909851282,0.0,0.0,0.0,0.0,0.0,0.0,0.0,0.0,0.0,0.0,0.0,0.0,0.0,0.31319002595181955,0.0,0.0,0.0,0.0,0.0,0.0,0.0,0.0,0.0,0.0,0.0,0.0,0.0,0.0,0.0,0.0,0.0,0.0,0.0,0.0,0.0,0.0,4,positif
0.0,0.0,0.0,0.0,0.0,0.0,0.0,0.0,0.2708554238609702,0.0,0.0,0.11896627536744268,0.0,0.0,0.0,0.0,0.0,0.0,0.0,0.0,0.0,0.0,0.0,0.0,0.21740891195345002,0.0,0.0,0.0,0.0,0.0,0.0,0.0,0.0,0.0,0.1963846944090685,0.0,0.0,0.0,0.0,0.0,0.0,0.0,0.0,0.0,0.0,0.0,0.0,0.0,0.0,0.1963846944090685,4,positif
0.0,0.0,0.0,0.0,0.0,0.0,0.0,0.0,0.0,0.0,0.0,0.0,0.0,0.18982070987708932,0.0,0.0,0.0,0.0,0.22966031617286845,0.22966031617286845,0.0,0.0,0.0,0.0,0.18434262362660964,0.0,0.0,0.0,0.0,0.0,0.0,0.0,0.0,0.0,0.0,0.0,0.0,0.0,0.0,0.0,0.0,0.0,0.0,0.0,0.0,0.0,0.16651603415056407,0.0,0.0,0.0,4,positif
0.0,0.13923885165314698,0.0,0.1804047408866806,0.0,0.13728662519290658,0.0,0.0,0.0,0.0,0.11907614303615248,0.057110267695634695,0.0,0.0,0.0,0.0,0.0,0.0,0.0,0.0,0.0,0.0,0.0,0.09427530982529748,0.10436807509295318,0.0,0.0,0.07396467679193044,0.0,0.0,0.0,0.0,0.0,0.0,0.0,0.0,0.0,0.0,0.0,0.0,0.0,0.0,0.0,0.0,0.0,0.0,0.0,0.0,0.0,0.09427530982529748,4,positif
0.0,0.0,0.0,0.0,0.0,0.0,0.0,0.0,0.0,0.0,0.0,0.22355813009318412,0.0,0.0,0.0,0.0,0.0,0.0,0.0,0.0,0.0,0.0,0.0,0.0,0.2042744032785288,0.0,0.0,0.14476735536134258,0.0,0.0,0.0,0.0,0.24287977167737845,0.0,0.1845203395895662,0.0,0.0,0.0,0.0,0.0,0.0,0.0,0.0,0.0,0.0,0.0,0.0,0.0,0.0,0.0,4,positif
0.0,0.0,0.0,0.0,0.0,0.0,0.0,0.0,0.0,0.0,0.0,0.06000974562181213,0.0,0.0,0.0,0.0,0.0,0.0,0.0,0.0,0.0,0.154093397698008,0.0,0.09906165019545274,0.21933364664809782,0.0,0.0,0.07771985000908285,0.154093397698008,0.0,0.0,0.0,0.0,0.0,0.0,0.0,0.0,0.0,0.0,0.0,0.0,0.0,0.0,0.0,0.0,0.13662666193408562,0.0,0.0,0.0,0.09906165019545274,4,positif
0.0,0.0,0.0,0.11431049660621612,0.0,0.0,0.0,0.0,0.32955357283060255,0.0,0.0,0.07237396345035778,0.0,0.0,0.17397882368346626,0.0,0.0,0.0,0.0,0.0,0.0,0.0,0.0,0.0,0.0,0.0,0.0,0.18746600325131635,0.0,0.0,0.0,0.0,0.0,0.0,0.0,0.0,0.0,0.0,0.12231714017804088,0.0,0.0,0.0,0.0,0.0,0.0,0.0,0.0,0.0,0.0,0.0,4,positif
0.0,0.0,0.0,0.0,0.0,0.0,0.0,0.0,0.0,0.0,0.0,0.0,0.0,0.0,0.0,0.20371818878582065,0.0,0.0,0.0,0.0,0.0,0.0,0.0,0.0,0.0,0.22976209356586613,0.21509492701571561,0.0,0.0,0.0,0.20371818878582065,0.0,0.0,0.0,0.0,0.0,0.0,0.0,0.0,0.0,0.0,0.0,0.0,0.0,0.0,0.0,0.14770660184677686,0.0,0.0,0.0,4,positif
0.0,0.21106242372407977,0.0,0.0,0.0,0.0,0.0,0.0,0.0,0.0,0.0,0.0,0.17391252419123648,0.1629055913892185,0.0,0.0,0.0,0.1629055913892185,0.0,0.0,0.0,0.0,0.0,0.0,0.0,0.0,0.0,0.0,0.0,0.0,0.0,0.0,0.0,0.0,0.0,0.0,0.0,0.0,0.14630852964836888,0.0,0.0,0.0,0.0,0.0,0.0,0.0,0.0,0.0,0.0,0.14290533965787786,4,positif
0.0,0.11442231780984227,0.0,0.0,0.0,0.0,0.0,0.0,0.0,0.0,0.0,0.18772602970766855,0.0,0.0,0.0,0.0,0.0,0.0,0.0,0.0,0.0,0.0,0.0,0.0,0.0,0.0,0.0,0.12156391199879954,0.0,0.0,0.0,0.0,0.0,0.0,0.0,0.0,0.0,0.0,0.15863516378075634,0.0,0.0,0.0,0.0,0.17663054391250083,0.2410220327904325,0.0,0.0,0.0,0.0,0.0,4,positif
0.0,0.0,0.0,0.13499222450185822,0.0,0.0,0.0,0.0,0.0,0.0,0.0,0.17093657384476268,0.0,0.0,0.0,0.0,0.0,0.0,0.0,0.0,0.0,0.0,0.0,0.0,0.0,0.0,0.0,0.11069172800703078,0.0,0.0,0.0,0.0,0.0,0.0,0.0,0.0,0.0,0.0,0.1444474771570667,0.0,0.0,0.0,0.0,0.0,0.4389319964892816,0.0,0.0,0.0,0.0,0.0,4,positif
0.0,0.13848152837737812,0.0,0.1794235154046372,0.0,0.0,0.0,0.0,0.0,0.0,0.0,0.11359928730572735,0.0,0.0,0.0,0.0,0.0,0.21377007691612007,0.0,0.0,0.0,0.0,0.0,0.0,0.20760082952537726,0.0,0.0,0.14712476247076,0.0,0.0,0.0,0.0,0.0,0.0,0.0,0.0,0.0,0.0,0.0,0.0,0.0,0.0,0.0,0.0,0.0,0.0,0.0,0.0,0.0,0.0,5,positif
0.0,0.22591684878833762,0.0,0.0,0.0,0.0,0.0,0.0,0.0,0.0,0.0,0.18532430507824546,0.0,0.34874154486887937,0.0,0.0,0.0,0.0,0.0,0.0,0.0,0.0,0.0,0.0,0.0,0.0,0.0,0.24001730126453757,0.0,0.0,0.0,0.0,0.0,0.0,0.0,0.0,0.0,0.0,0.0,0.0,0.0,0.0,0.0,0.0,0.0,0.0,0.0,0.0,0.0,0.0,5,positif
0.0,0.13639942582610234,0.0,0.0,0.0,0.0,0.0,0.0,0.0,0.0,0.0,0.22378259027486064,0.2247824887547374,0.0,0.0,0.0,0.0,0.0,0.0,0.0,0.0,0.0,0.0,0.0,0.20447950192402495,0.0,0.0,0.0,0.0,0.0,0.0,0.0,0.0,0.0,0.0,0.0,0.0,0.0,0.0,0.0,0.0,0.0,0.0,0.21055599322027474,0.0,0.0,0.0,0.0,0.0,0.0,5,positif
0.0,0.107745691583951,0.0,0.0,0.0,0.0,0.0,0.0,0.0,0.0,0.0,0.0,0.0,0.0,0.0,0.20123213906658827,0.0,0.16632402203501617,0.0,0.0,0.0,0.0,0.0,0.0,0.0,0.0,0.0,0.0,0.0,0.0,0.0,0.0,0.0,0.0,0.0,0.0,0.0,0.0,0.0,0.0,0.0,0.0,0.19205010324441216,0.33264804407003234,0.0,0.0,0.0,0.0,0.0,0.0,5,positif
0.0,0.0,0.0,0.0,0.0,0.0,0.0,0.0,0.0,0.0,0.0,0.1468581622564535,0.0,0.0,0.0,0.0,0.0,0.0,0.0,0.0,0.0,0.0,0.0,0.24242748818631848,0.0,0.0,0.0,0.0,0.0,0.0,0.0,0.0,0.0,0.0,0.0,0.0,0.0,0.0,0.0,0.0,0.0,0.0,0.0,0.27635631689160534,0.0,0.33435803266562264,0.0,0.0,0.0,0.0,5,positif
0.0,0.42478134242488547,0.0,0.0,0.0,0.0,0.0,0.0,0.0,0.0,0.0,0.0,0.0,0.0,0.0,0.0,0.0,0.0,0.0,0.0,0.0,0.0,0.0,0.0,0.0,0.0,0.0,0.0,0.0,0.0,0.0,0.0,0.0,0.0,0.5752186575751146,0.0,0.0,0.0,0.0,0.0,0.0,0.0,0.0,0.0,0.0,0.0,0.0,0.0,0.0,0.0,5,positif
0.0,0.27398748020564545,0.0,0.3549917267044399,0.0,0.0,0.0,0.0,0.0,0.0,0.0,0.0,0.0,0.0,0.0,0.0,0.0,0.0,0.0,0.0,0.0,0.0,0.0,0.0,0.0,0.0,0.0,0.0,0.0,0.0,0.0,0.0,0.0,0.0,0.37102079308991465,0.0,0.0,0.0,0.0,0.0,0.0,0.0,0.0,0.0,0.0,0.0,0.0,0.0,0.0,0.0,5,positif
0.0,0.10042467585942438,0.0,0.13011517555587995,0.0,0.0,0.0,0.0,0.0,0.0,0.0,0.08238045708486628,0.0,0.1550227740427833,0.0,0.0,0.0,0.0,0.0,0.0,0.0,0.0,0.0,0.0,0.0,0.0,0.0,0.0,0.0,0.0,0.0,0.0,0.0,0.0,0.13599031187554794,0.0,0.0,0.1980333027907491,0.0,0.1980333027907491,0.0,0.0,0.0,0.0,0.0,0.0,0.0,0.0,0.0,0.0,5,positif
0.0,0.07319323479673498,0.0,0.09483277405257538,0.0,0.0,0.0,0.0,0.0,0.0,0.0,0.0,0.1206204306064715,0.11298635721003232,0.0,0.0,0.0,0.0,0.0,0.0,0.0,0.0,0.0,0.0,0.0,0.0,0.0,0.07776154271341296,0.0,0.0,0.0,0.0,0.13046246297981204,0.0,0.0,0.0,0.0,0.14433402851133978,0.10147514061828122,0.14433402851133978,0.0,0.0,0.0,0.0,0.0,0.0,0.0,0.0,0.0,0.0,5,positif
0.0,0.2546637927784628,0.0,0.0,0.0,0.0,0.0,0.0,0.0,0.0,0.0,0.20890602307168538,0.0,0.0,0.0,0.0,0.0,0.0,0.0,0.0,0.0,0.0,0.0,0.0,0.0,0.5364301841498519,0.0,0.0,0.0,0.0,0.0,0.0,0.0,0.0,0.0,0.0,0.0,0.0,0.0,0.0,0.0,0.0,0.0,0.0,0.0,0.0,0.0,0.0,0.0,0.0,5,positif
0.0,0.27730893433617876,0.0,0.0,0.0,0.0,0.0,0.0,0.0,0.0,0.0,0.0,0.0,0.0,0.0,0.0,0.0,0.0,0.0,0.0,0.0,0.0,0.0,0.0,0.0,0.0,0.0,0.2946169902461494,0.0,0.0,0.0,0.0,0.0,0.0,0.0,0.0,0.0,0.0,0.0,0.0,0.0,0.0,0.0,0.4280740754176718,0.0,0.0,0.0,0.0,0.0,0.0,5,positif
0.0,0.30535710910359803,0.0,0.19781788449019935,0.0,0.0,0.0,0.0,0.0,0.0,0.26113937574911233,0.0,0.0,0.23568563065709028,0.0,0.0,0.0,0.0,0.0,0.0,0.0,0.0,0.0,0.0,0.0,0.0,0.0,0.0,0.0,0.0,0.0,0.0,0.0,0.0,0.0,0.0,0.0,0.0,0.0,0.0,0.0,0.0,0.0,0.0,0.0,0.0,0.0,0.0,0.0,0.0,5,positif
0.0,0.0,0.0,0.0,0.0,0.0,0.0,0.0,0.0,0.0,0.0,0.23037066706835732,0.0,0.0,0.0,0.0,0.0,0.0,0.0,0.0,0.0,0.0,0.0,0.0,0.0,0.0,0.0,0.0,0.0,0.0,0.0,0.0,0.0,0.0,0.38028653846057725,0.0,0.0,0.0,0.3893427944710654,0.0,0.0,0.0,0.0,0.0,0.0,0.0,0.0,0.0,0.0,0.0,5,positif
0.0,1.0,0.0,0.0,0.0,0.0,0.0,0.0,0.0,0.0,0.0,0.0,0.0,0.0,0.0,0.0,0.0,0.0,0.0,0.0,0.0,0.0,0.0,0.0,0.0,0.0,0.0,0.0,0.0,0.0,0.0,0.0,0.0,0.0,0.0,0.0,0.0,0.0,0.0,0.0,0.0,0.0,0.0,0.0,0.0,0.0,0.0,0.0,0.0,0.0,5,positif
0.0,0.549353698345158,0.0,0.0,0.0,0.0,0.0,0.0,0.0,0.0,0.0,0.4506463016548419,0.0,0.0,0.0,0.0,0.0,0.0,0.0,0.0,0.0,0.0,0.0,0.0,0.0,0.0,0.0,0.0,0.0,0.0,0.0,0.0,0.0,0.0,0.0,0.0,0.0,0.0,0.0,0.0,0.0,0.0,0.0,0.0,0.0,0.0,0.0,0.0,0.0,0.0,5,positif
0.0,0.0,0.0,0.0,0.0,0.0,0.0,0.0,0.0,0.0,0.0,0.1331892811636632,0.0,0.0,0.0,0.3032375275421503,0.0,0.0,0.0,0.0,0.0,0.0,0.0,0.0,0.243401221163041,0.0,0.0,0.0,0.0,0.3201719701311456,0.0,0.0,0.0,0.0,0.0,0.0,0.0,0.0,0.0,0.0,0.0,0.0,0.0,0.0,0.0,0.0,0.0,0.0,0.0,0.0,5,positif
0.0,0.0,0.0,0.0,0.0,0.0,0.0,0.0,0.0,0.0,0.0,0.34700646951418723,0.0,0.0,0.0,0.0,0.0,0.0,0.0,0.0,0.0,0.0,0.0,0.0,0.0,0.0,0.0,0.0,0.0,0.0,0.0,0.0,0.0,0.0,0.0,0.0,0.0,0.0,0.0,0.0,0.0,0.0,0.0,0.6529935304858128,0.0,0.0,0.0,0.0,0.0,0.0,5,positif
0.0,0.39313242664144704,0.0,0.0,0.0,0.0,0.0,0.0,0.0,0.0,0.0,0.0,0.0,0.606867573358553,0.0,0.0,0.0,0.0,0.0,0.0,0.0,0.0,0.0,0.0,0.0,0.0,0.0,0.0,0.0,0.0,0.0,0.0,0.0,0.0,0.0,0.0,0.0,0.0,0.0,0.0,0.0,0.0,0.0,0.0,0.0,0.0,0.0,0.0,0.0,0.0,5,positif
0.0,0.13100766482476564,0.0,0.0,0.0,0.0,0.0,0.0,0.0,0.0,0.0,0.0,0.0,0.20223288199039197,0.0,0.0,0.0,0.0,0.0,0.24467755730413865,0.0,0.0,0.0,0.17740433857656512,0.0,0.0,0.0,0.0,0.0,0.0,0.0,0.0,0.0,0.0,0.0,0.0,0.0,0.0,0.0,0.0,0.0,0.0,0.0,0.0,0.0,0.24467755730413865,0.0,0.0,0.0,0.0,5,positif
0.0,0.0,0.0,0.2667853909597951,0.0,0.0,0.0,0.0,0.0,0.0,0.0,0.16891113858885684,0.0,0.0,0.0,0.0,0.0,0.0,0.0,0.0,0.0,0.0,0.0,0.0,0.0,0.0,0.0,0.0,0.0,0.0,0.0,0.0,0.0,0.0,0.278831645620625,0.0,0.0,0.0,0.2854718248307231,0.0,0.0,0.0,0.0,0.0,0.0,0.0,0.0,0.0,0.0,0.0,5,positif
0.0,0.0,0.0,0.0,0.0,0.0,0.0,0.0,0.0,0.0,0.0,0.3717373937562956,0.0,0.0,0.0,0.0,0.0,0.0,0.0,0.0,0.0,0.0,0.0,0.0,0.0,0.0,0.0,0.0,0.0,0.0,0.0,0.0,0.0,0.0,0.0,0.0,0.0,0.0,0.6282626062437044,0.0,0.0,0.0,0.0,0.0,0.0,0.0,0.0,0.0,0.0,0.0,5,positif
0.0,0.0,0.0,0.0,0.0,0.0,0.0,0.0,0.0,0.0,0.0,0.0,0.18792838547234084,0.0,0.0,0.0,0.0,0.1760343880727561,0.0,0.0,0.0,0.0,0.0,0.0,0.17095416494253288,0.0,0.0,0.0,0.0,0.0,0.0,0.0,0.0,0.0,0.0,0.0,0.0,0.2248745159545104,0.0,0.0,0.0,0.0,0.0,0.0,0.24020854555785992,0.0,0.0,0.0,0.0,0.0,5,positif
0.0,0.0,0.0,0.0,0.0,0.0,0.0,0.0,0.0,0.0,0.0,0.38134063803242424,0.0,0.0,0.0,0.0,0.0,0.2392010826149014,0.0,0.0,0.0,0.0,0.0,0.0,0.0,0.0,0.0,0.1646273555689225,0.0,0.0,0.0,0.0,0.0,0.0,0.0,0.0,0.0,0.0,0.21483092378375193,0.0,0.0,0.0,0.0,0.0,0.0,0.0,0.0,0.0,0.0,0.0,5,positif
0.0,0.0,0.0,0.0,0.0,0.0,0.0,0.0,0.0,0.0,0.0,0.0,0.0,0.0,0.0,0.0,0.0,0.0,0.0,0.0,0.0,0.0,0.0,0.0,1.0,0.0,0.0,0.0,0.0,0.0,0.0,0.0,0.0,0.0,0.0,0.0,0.0,0.0,0.0,0.0,0.0,0.0,0.0,0.0,0.0,0.0,0.0,0.0,0.0,0.0,5,positif
0.0,1.0,0.0,0.0,0.0,0.0,0.0,0.0,0.0,0.0,0.0,0.0,0.0,0.0,0.0,0.0,0.0,0.0,0.0,0.0,0.0,0.0,0.0,0.0,0.0,0.0,0.0,0.0,0.0,0.0,0.0,0.0,0.0,0.0,0.0,0.0,0.0,0.0,0.0,0.0,0.0,0.0,0.0,0.0,0.0,0.0,0.0,0.0,0.0,0.0,5,positif
0.0,0.0,0.0,0.09816709514950343,0.0,0.0,0.0,0.0,0.0,0.0,0.0,0.062153012779332155,0.12486144591483667,0.0,0.0,0.0,0.0,0.0,0.0,0.0,0.15959689242298428,0.0,0.0,0.0,0.0,0.0,0.0,0.08049563917942228,0.15959689242298428,0.0,0.0,0.0,0.0,0.0,0.0,0.0,0.0,0.0,0.3151290221309369,0.0,0.0,0.0,0.0,0.0,0.0,0.0,0.0,0.0,0.0,0.0,5,positif
0.0,0.0,0.0,0.48308176576364,0.0,0.0,0.0,0.0,0.0,0.0,0.0,0.0,0.0,0.0,0.0,0.0,0.0,0.0,0.0,0.0,0.0,0.0,0.0,0.0,0.0,0.0,0.0,0.0,0.0,0.0,0.0,0.0,0.0,0.0,0.0,0.0,0.0,0.0,0.51691823423636,0.0,0.0,0.0,0.0,0.0,0.0,0.0,0.0,0.0,0.0,0.0,5,positif
0.0,0.18936172479713312,0.0,0.0,0.0,0.0,0.0,0.0,0.0,0.0,0.0,0.1553373741031849,0.0,0.0,0.0,0.0,0.0,0.0,0.0,0.0,0.0,0.0,0.0,0.0,0.0,0.39887627446209295,0.0,0.0,0.0,0.0,0.0,0.0,0.0,0.0,0.2564246266375892,0.0,0.0,0.0,0.0,0.0,0.0,0.0,0.0,0.0,0.0,0.0,0.0,0.0,0.0,0.0,5,positif
0.0,0.0,0.0,0.0,0.0,0.0,0.0,0.0,0.0,0.0,0.0,0.0,0.0,0.0,0.0,0.0,0.0,0.0,0.0,0.0,0.0,0.0,0.0,0.0,0.0,0.0,0.0,0.0,0.0,0.0,0.0,0.0,0.0,0.0,0.0,0.0,0.0,0.0,0.0,0.0,0.0,0.0,0.0,1.0,0.0,0.0,0.0,0.0,0.0,0.0,5,positif
